Date,Monthly_Avg_Close,Volatility,Repo
2012-02-01,5457.620849609375,0.06676676799492787,8.5
2012-03-01,5295.583333333333,0.06237764832363479,8.5
2012-04-01,5256.8737150493425,0.04033545780235041,8.0
2012-05-01,4969.385695684524,0.0452599550982309,8.0
2012-06-01,5074.214239211309,0.05206168938872877,8.0
2012-07-01,5222.011385830966,0.04057824650368425,8.0
2012-08-01,5329.477514648437,0.03012866447986502,8.0
2012-09-01,5491.926320929277,0.044806736490227546,8.0
2012-10-01,5689.847485351563,0.033354511170710685,8.0
2012-11-01,5680.289473684211,0.034840991518944,8.0
2012-12-01,5890.955004882812,0.023673586910144574,8.0
2013-01-01,6026.402232776989,0.02774440174446649,7.75
2013-02-01,5893.5875,0.03184597333822374,7.75
2013-03-01,5782.260587993421,0.038696553534436455,7.5
2013-04-01,5699.760034179688,0.04718754985160117,7.5
2013-05-01,6062.579478870739,0.05325521343581612,7.25
2013-06-01,5782.0775146484375,0.05777548573737168,7.25
2013-07-01,5909.243440047554,0.04707090555898119,7.25
2013-08-01,5510.437475585937,0.08060216664740455,7.25
2013-09-01,5797.475048828125,0.08709144205323037,7.5
2013-10-01,6083.873837425595,0.04167628108979811,7.75
2013-11-01,6118.70263671875,0.05158982523495989,7.75
2013-12-01,6246.869024367559,0.038476232591679406,7.75
2014-01-01,6219.595481178977,0.03777458203078701,8.0
2014-02-01,6100.158365885417,0.03451279828411961,8.0
2014-03-01,6508.635009765625,0.03193652505111247,8.0
2014-04-01,6754.736056857639,0.03228717747506699,8.0
2014-05-01,7083.157087053572,0.04513839865303813,8.0
2014-06-01,7542.842912946428,0.040867511630919236,8.0
2014-07-01,7676.761385830966,0.03838234192329294,8.0
2014-08-01,7787.352590460527,0.034608283250528594,8.0
2014-09-01,8053.525013316761,0.0368936011809097,8.0
2014-10-01,7949.500057444853,0.04380734475564282,8.0
2014-11-01,8417.058376736111,0.02075705563674586,8.0
2014-12-01,8309.86825284091,0.03821743993757019,8.0
2015-01-01,8529.45751953125,0.054550060565019716,7.75
2015-02-01,8742.465666118422,0.037605244722354395,7.75
2015-03-01,8664.062034970239,0.04533531988378144,7.5
2015-04-01,8511.441623263889,0.04253661982005053,7.5
2015-05-01,8300.805029296875,0.05719295482534044,7.5
2015-06-01,8195.606800426136,0.043928326086342444,7.25
2015-07-01,8479.51515794837,0.03999470410524925,7.25
2015-08-01,8309.923804873511,0.07374413540962924,7.25
2015-09-01,7814.889990234375,0.05885122612530518,6.75
2015-10-01,8172.32255859375,0.03220404118253662,6.75
2015-11-01,7891.116672092014,0.03457806738709303,6.75
2015-12-01,7802.638649680398,0.03609225904948746,6.75
2016-01-01,7513.394659745066,0.053469673767391326,6.75
2016-02-01,7199.86669921875,0.061311362320901626,6.75
2016-03-01,7550.094995117188,0.04987616676702672,6.75
2016-04-01,7786.516655815973,0.04566033663120425,6.5
2016-05-01,7871.856778231534,0.04155133541133245,6.5
2016-06-01,8191.19775390625,0.035994370930321554,6.5
2016-07-01,8505.612548828125,0.026861247227584636,6.5
2016-08-01,8638.911876860118,0.030949572065008847,6.5
2016-09-01,8783.32509765625,0.03789543665472877,6.5
2016-10-01,8669.027777777777,0.03530248085020547,6.25
2016-11-01,8250.749976748511,0.053460979487908435,6.25
2016-12-01,8114.027254971591,0.0375319315398087,6.25
2017-01-01,8386.204659598214,0.028110018637275937,6.25
2017-02-01,8813.339483963815,0.02493588226279195,6.25
2017-03-01,9047.056773792614,0.02680957899141406,6.25
2017-04-01,9214.572265625,0.02384468591028527,6.25
2017-05-01,9436.98641690341,0.026516206796022478,6.25
2017-06-01,9606.954799107143,0.01584634611849371,6.25
2017-07-01,9850.118954613095,0.02098451939877773,6.25
2017-08-01,9901.183407738095,0.03318569569839016,6.0
2017-09-01,9977.916666666666,0.029160320282783925,6.0
2017-10-01,10138.677490234375,0.02214874358394383,6.0
2017-11-01,10324.754527698864,0.026806178067475497,6.0
2017-12-01,10322.262548828125,0.02848400058323201,6.0
2018-01-01,10787.135788690477,0.022878388034163605,6.0
2018-02-01,10533.105263157895,0.041163790398094556,6.0
2018-03-01,10232.618472450658,0.04134355686601981,6.0
2018-04-01,10472.933268229166,0.025955148201277062,6.0
2018-05-01,10664.447709517046,0.029406820107432244,6.0
2018-06-01,10742.973818824405,0.02775218123303996,6.25
2018-07-01,10991.15682705966,0.0211437993047737,6.25
2018-08-01,11498.440476190477,0.024914297807764066,6.5
2018-09-01,11297.058322482639,0.038250539288609185,6.5
2018-10-01,10383.809477306548,0.06739677664181017,6.5
2018-11-01,10621.792529296876,0.03282620555555427,6.5
2018-12-01,10778.442529296875,0.044486242610335514,6.5
2019-01-01,10804.88858309659,0.03214544141886795,6.5
2019-02-01,10835.955283717105,0.029932592094289962,6.25
2019-03-01,11300.205620659723,0.029600691052334014,6.25
2019-04-01,11666.452765213815,0.03215422519815419,6.0
2019-05-01,11592.022727272728,0.05165589867462218,6.0
2019-06-01,11839.023694490132,0.03521650225016809,5.75
2019-07-01,11523.110903532608,0.03382165794424178,5.75
2019-08-01,10976.49990234375,0.048817895249858946,5.4
2019-09-01,11124.28962787829,0.07560910146148525,5.4
2019-10-01,11482.997275904605,0.03747305211009733,5.15
2019-11-01,11964.13251953125,0.02429081506730494,5.15
2019-12-01,12096.88099888393,0.02568774441348341,5.15
2020-01-01,12183.065132472826,0.03494297685133472,5.15
2020-02-01,11948.821186266447,0.061240699639979856,5.15
2020-03-01,9426.311941964286,0.2335491014897277,4.4
2020-04-01,9063.583333333334,0.13409623178049807,4.4
2020-05-01,9192.013055098685,0.09644889320490987,4.0
2020-06-01,10116.45467862216,0.05709126032183387,4.0
2020-07-01,10897.695694633152,0.04338673583456314,4.0
2020-08-01,11318.566685267857,0.04346823544686898,4.0
2020-09-01,11336.702192826704,0.0548610069595127,4.0
2020-10-01,11789.709495907739,0.0442210158111059,4.0
2020-11-01,12592.957956414473,0.041125635905475244,4.0
2020-12-01,13550.440873579546,0.04109589538953697,4.0
2021-01-01,14284.602490234374,0.04699948532543569,4.0
2021-02-01,14956.842529296875,0.07785570806188964,4.0
2021-03-01,14835.09998139881,0.05738077279240228,4.0
2021-04-01,14613.8525390625,0.0609577665654421,4.0
2021-05-01,14983.525,0.03774139254519688,4.0
2021-06-01,15733.677201704546,0.020014647091304894,4.0
2021-07-01,15783.09765625,0.026030401259643753,4.0
2021-08-01,16470.459449404763,0.026133462430797307,4.0
2021-09-01,17508.614304315477,0.027676848914851882,4.0
2021-10-01,18020.22001953125,0.037804948254770855,4.0
2021-11-01,17718.8923828125,0.046766343096720966,4.0
2021-12-01,17174.26944633152,0.048990616677432736,4.0
2022-01-01,17770.6224609375,0.04882548963517389,4.0
2022-02-01,17225.939990234376,0.08224279563618861,4.0
2022-03-01,16864.673874627977,0.05705377543978599,4.0
2022-04-01,17419.360711348683,0.05481253422257873,4.0
2022-05-01,16271.019112723214,0.06668282641641102,4.4
2022-06-01,15933.16366299716,0.04918083184127372,4.9
2022-07-01,16299.02134486607,0.03542831338948309,4.9
2022-08-01,17579.06494140625,0.04095494352893699,5.4
2022-09-01,17544.877308238636,0.0441955606407669,5.9
2022-10-01,17406.873663651317,0.040853167856125125,5.9
2022-11-01,18311.283296130954,0.027726806142238967,5.9
2022-12-01,18385.131924715908,0.03268427016633589,6.25
2023-01-01,17968.745070684523,0.03409517601713332,6.25
2023-02-01,17739.22236328125,0.028999955560946093,6.5
2023-03-01,17225.64295014881,0.038954497509401415,6.5
2023-04-01,17710.6796875,0.018969118655641198,6.5
2023-05-01,18307.054598721592,0.025327192281207934,6.5
2023-06-01,18726.771391369046,0.022684986739195032,6.5
2023-07-01,19586.00027901786,0.024761685283056747,6.5
2023-08-01,19438.286576704544,0.0202857384657313,6.5
2023-09-01,19786.0451171875,0.026391824913497695,6.5
2023-10-01,19481.66494140625,0.0319144839798237,6.5
2023-11-01,19602.84990234375,0.020658902628646298,6.5
2023-12-01,21165.9900390625,0.033359802952667765,6.5
2024-01-01,21634.75465029762,0.044777065820935054,6.5
2024-02-01,21947.27855282738,0.02614568666951597,6.5
2024-03-01,22176.6943359375,0.03471647507894611,6.5
2024-04-01,22443.4576171875,0.028716809053699412,6.5
2024-05-01,22484.43322172619,0.03131302025240822,6.5
2024-06-01,23364.044716282893,0.08606390876458504,6.5
2024-07-01,24495.15216619318,0.025050989012858203,6.5
2024-08-01,24613.073753720237,0.04187699331775341,6.5
2024-09-01,25470.090494791668,0.03344485540563232,6.5
2024-10-01,24781.670365767044,0.03249139706560276,6.5
2024-11-01,23969.847450657893,0.04765175000437299,6.5
2024-12-01,24231.01915922619,0.03160535139370913,6.5
2025-01-01,23366.395635190216,0.040413485040168964,6.5
2025-02-01,23060.9376953125,0.031174899995186793,6.25
2025-03-01,22851.536903782893,0.02967314180506553,6.25
2025-04-01,23531.66293174342,0.06322309772760928,6.0
2025-05-01,24676.440290178572,0.050949720400729905,6.0
2025-06-01,25003.39769345238,0.030086946775474573,5.5
2025-07-01,25164.891474184784,0.02024254949186881,5.5
2025-08-01,24698.10279605263,0.029332930697823358,5.5
2025-09-01,24942.67498224432,0.020595214617768847,5.5
2025-10-01,25494.083519345237,0.02264192839176043,5.5
2025-11-01,25894.83439555921,0.021924119028042702,5.5
2025-12-01,26056.9248046875,0.013837450329865329,5.25
